date,nino34,nino12,oni,regime
1950-01-01,-1.99,-1.55,-1.53,0
1950-02-01,-1.69,-1.78,-1.34,0
1950-03-01,-1.42,-1.38,-1.16,0
1950-04-01,-1.54,-1.9,-1.18,0
1950-05-01,-1.75,-1.74,-1.07,0
1950-06-01,-1.27,-1.79,-0.85,0
1950-07-01,-1.01,-1.65,-0.54,0
1950-08-01,-0.97,-0.88,-0.42,1
1950-09-01,-0.98,-1.17,-0.39,1
1950-10-01,-1.03,-1.02,-0.44,1
1950-11-01,-1.23,-1.8,-0.6,0
1950-12-01,-1.31,-1.09,-0.8,0
1951-01-01,-1.3,-0.46,-0.82,0
1951-02-01,-1.04,-0.91,-0.54,0
1951-03-01,-0.38,-0.75,-0.17,1
1951-04-01,-0.23,-0.25,0.18,1
1951-05-01,-0.01,0.17,0.36,1
1951-06-01,0.0,1.49,0.58,2
1951-07-01,0.3,1.86,0.7,2
1951-08-01,0.17,1.17,0.89,2
1951-09-01,0.51,0.56,0.99,2
1951-10-01,0.49,0.72,1.15,2
1951-11-01,0.55,0.68,1.04,2
1951-12-01,0.31,0.02,0.81,2
1952-01-01,0.13,-0.21,0.53,2
1952-02-01,-0.01,-0.08,0.37,1
1952-03-01,-0.11,-0.41,0.34,1
1952-04-01,-0.02,-1.1,0.29,1
1952-05-01,-0.14,-0.93,0.2,1
1952-06-01,-0.54,-1.2,0.0,1
1952-07-01,-0.76,-1.23,-0.08,1
1952-08-01,-0.56,-1.11,0.0,1
1952-09-01,-0.36,-1.36,0.15,1
1952-10-01,-0.46,-0.65,0.1,1
1952-11-01,-0.78,-0.82,0.04,1
1952-12-01,-0.39,-0.5,0.15,1
1953-01-01,0.2,-0.44,0.4,1
1953-02-01,0.24,0.17,0.6,2
1953-03-01,0.29,0.74,0.63,2
1953-04-01,0.22,1.47,0.66,2
1953-05-01,0.35,1.01,0.75,2
1953-06-01,0.39,0.31,0.77,2
1953-07-01,0.14,-0.0,0.75,2
1953-08-01,0.09,0.17,0.73,2
1953-09-01,0.29,0.33,0.78,2
1953-10-01,0.16,-0.18,0.84,2
1953-11-01,0.18,-0.14,0.84,2
1953-12-01,0.41,-0.59,0.81,2
1954-01-01,0.43,-1.91,0.76,2
1954-02-01,0.28,-1.22,0.47,1
1954-03-01,-0.38,-1.32,-0.05,1
1954-04-01,-1.17,-3.09,-0.41,1
1954-05-01,-0.81,-2.99,-0.54,0
1954-06-01,-0.93,-2.46,-0.5,1
1954-07-01,-1.18,-2.83,-0.64,0
1954-08-01,-1.43,-1.69,-0.84,0
1954-09-01,-1.6,-1.71,-0.9,0
1954-10-01,-1.48,-2.04,-0.77,0
1954-11-01,-1.13,-1.45,-0.73,0
1954-12-01,-1.33,-1.47,-0.66,0
1955-01-01,-0.93,-0.84,-0.68,0
1955-02-01,-0.95,-1.13,-0.62,0
1955-03-01,-1.06,-1.37,-0.69,0
1955-04-01,-1.22,-1.24,-0.8,0
1955-05-01,-1.28,-2.16,-0.79,0
1955-06-01,-1.18,-1.92,-0.72,0
1955-07-01,-1.15,-1.44,-0.68,0
1955-08-01,-1.35,-1.55,-0.75,0
1955-09-01,-1.43,-1.47,-1.09,0
1955-10-01,-2.31,-1.82,-1.42,0
1955-11-01,-2.45,-1.83,-1.67,0
1955-12-01,-2.03,-1.69,-1.47,0
1956-01-01,-1.2,-1.31,-1.11,0
1956-02-01,-0.99,-1.2,-0.76,0
1956-03-01,-0.83,-0.75,-0.63,0
1956-04-01,-0.97,-1.15,-0.54,0
1956-05-01,-0.8,-1.21,-0.52,0
1956-06-01,-0.92,-0.94,-0.51,0
1956-07-01,-1.06,-0.14,-0.57,0
1956-08-01,-1.17,-0.43,-0.55,0
1956-09-01,-0.98,-1.01,-0.46,1
1956-10-01,-0.97,-1.19,-0.42,1
1956-11-01,-1.14,-1.06,-0.43,1
1956-12-01,-0.89,-1.32,-0.43,1
1957-01-01,-0.51,-1.66,-0.25,1
1957-02-01,-0.22,0.07,0.06,1
1957-03-01,0.18,0.78,0.41,1
1957-04-01,0.41,1.13,0.72,2
1957-05-01,0.62,2.4,0.92,2
1957-06-01,0.63,2.01,1.11,2
1957-07-01,0.87,1.86,1.25,2
1957-08-01,0.84,1.2,1.32,2
1957-09-01,0.72,0.91,1.33,2
1957-10-01,0.7,0.63,1.39,2
1957-11-01,0.92,0.56,1.53,2
1957-12-01,1.3,0.66,1.74,2
1958-01-01,1.78,0.14,1.81,2
1958-02-01,1.49,0.26,1.66,2
1958-03-01,0.98,0.48,1.27,2
1958-04-01,0.46,0.71,0.93,2
1958-05-01,0.38,0.12,0.74,2
1958-06-01,0.26,-0.02,0.64,2
1958-07-01,0.03,0.06,0.57,2
1958-08-01,-0.01,-0.42,0.43,1
1958-09-01,-0.32,-0.41,0.39,1
1958-10-01,-0.27,-0.19,0.44,1
1958-11-01,0.05,-0.38,0.5,1
1958-12-01,0.02,-0.5,0.61,2
1959-01-01,0.53,-0.88,0.61,2
1959-02-01,0.43,-0.47,0.62,2
1959-03-01,0.19,0.34,0.52,2
1959-04-01,0.06,0.12,0.33,1
1959-05-01,-0.23,-0.39,0.2,1
1959-06-01,-0.35,-0.63,-0.07,1
1959-07-01,-0.86,-0.57,-0.18,1
1959-08-01,-0.77,-1.01,-0.28,1
1959-09-01,-0.8,-0.61,-0.09,1
1959-10-01,-0.48,-0.29,-0.03,1
1959-11-01,-0.66,0.1,0.05,1
1959-12-01,-0.42,-0.23,-0.04,1
1960-01-01,-0.28,-0.33,-0.1,1
1960-02-01,-0.46,-0.42,-0.1,1
1960-03-01,-0.3,-0.25,-0.07,1
1960-04-01,-0.33,-1.11,0.03,1
1960-05-01,-0.25,-1.09,0.02,1
1960-06-01,-0.49,-1.41,0.03,1
1960-07-01,-0.41,-1.32,0.13,1
1960-08-01,-0.15,-1.02,0.24,1
1960-09-01,-0.28,-0.27,0.27,1
1960-10-01,-0.49,-0.91,0.2,1
1960-11-01,-0.45,-0.6,0.12,1
1960-12-01,-0.38,-0.29,0.05,1
1961-01-01,-0.31,-0.08,0.04,1
1961-02-01,-0.19,0.45,0.03,1
1961-03-01,-0.35,-0.73,0.04,1
1961-04-01,-0.46,-0.78,0.09,1
1961-05-01,-0.18,-0.92,0.23,1
1961-06-01,-0.06,-0.98,0.27,1
1961-07-01,-0.41,-1.53,0.14,1
1961-08-01,-0.67,-1.14,-0.13,1
1961-09-01,-0.94,-1.14,-0.3,1
1961-10-01,-1.01,-1.05,-0.26,1
1961-11-01,-0.63,-0.67,-0.19,1
1961-12-01,-0.63,-0.88,-0.16,1
1962-01-01,-0.59,-0.74,-0.24,1
1962-02-01,-0.57,-0.73,-0.22,1
1962-03-01,-0.48,-2.13,-0.2,1
1962-04-01,-0.69,-2.38,-0.26,1
1962-05-01,-0.89,-1.51,-0.28,1
1962-06-01,-0.65,-1.35,-0.2,1
1962-07-01,-0.53,-1.32,-0.04,1
1962-08-01,-0.53,-0.77,-0.07,1
1962-09-01,-0.78,-0.74,-0.11,1
1962-10-01,-0.75,-1.17,-0.22,1
1962-11-01,-0.95,-0.87,-0.31,1
1962-12-01,-0.93,-1.09,-0.43,1
1963-01-01,-0.78,-0.85,-0.4,1
1963-02-01,-0.53,-0.82,-0.15,1
1963-03-01,-0.1,-0.76,0.15,1
1963-04-01,-0.03,-1.21,0.27,1
1963-05-01,-0.3,-0.57,0.31,1
1963-06-01,-0.11,-0.87,0.52,2
1963-07-01,0.49,-0.34,0.86,2
1963-08-01,0.62,0.15,1.14,2
1963-09-01,0.68,0.05,1.22,2
1963-10-01,0.64,-0.05,1.29,2
1963-11-01,0.77,-0.22,1.37,2
1963-12-01,1.02,-0.29,1.31,2
1964-01-01,0.79,-0.65,1.07,2
1964-02-01,0.38,-1.29,0.62,2
1964-03-01,-0.26,-1.4,0.12,1
1964-04-01,-0.87,-1.35,-0.33,1
1964-05-01,-1.12,-2.67,-0.58,0
1964-06-01,-1.14,-1.88,-0.58,0
1964-07-01,-0.96,-1.77,-0.6,0
1964-08-01,-1.26,-1.67,-0.66,0
1964-09-01,-1.4,-1.23,-0.76,0
1964-10-01,-1.35,-1.44,-0.8,0
1964-11-01,-1.44,-0.97,-0.82,0
1964-12-01,-1.37,-1.33,-0.78,0
1965-01-01,-0.89,-0.69,-0.59,0
1965-02-01,-0.56,-0.32,-0.28,1
1965-03-01,-0.34,-0.01,-0.07,1
1965-04-01,-0.44,1.34,0.18,1
1965-05-01,0.06,1.53,0.46,1
1965-06-01,0.36,1.23,0.83,2
1965-07-01,0.61,1.04,1.22,2
1965-08-01,1.12,1.38,1.54,2
1965-09-01,1.29,0.38,1.85,2
1965-10-01,1.45,0.32,1.98,2
1965-11-01,1.42,0.43,1.97,2
1965-12-01,1.36,0.35,1.72,2
1966-01-01,1.12,0.37,1.37,2
1966-02-01,0.8,-0.62,1.17,2
1966-03-01,0.93,-1.47,0.98,2
1966-04-01,0.35,-1.57,0.66,2
1966-05-01,-0.38,-1.72,0.35,1
1966-06-01,-0.08,-1.56,0.24,1
1966-07-01,0.04,-1.29,0.24,1
1966-08-01,-0.37,-1.18,0.12,1
1966-09-01,-0.44,-0.89,-0.05,1
1966-10-01,-0.5,-0.58,-0.1,1
1966-11-01,-0.47,-0.91,-0.18,1
1966-12-01,-0.57,-0.62,-0.3,1
1967-01-01,-0.67,-1.04,-0.41,1
1967-02-01,-0.64,-0.58,-0.48,1
1967-03-01,-0.78,-1.04,-0.53,0
1967-04-01,-1.08,-0.72,-0.45,1
1967-05-01,-0.59,-0.82,-0.24,1
1967-06-01,-0.26,-1.06,-0.0,1
1967-07-01,-0.33,-1.1,0.05,1
1967-08-01,-0.42,-1.5,-0.16,1
1967-09-01,-0.86,-1.81,-0.3,1
1967-10-01,-0.74,-1.73,-0.38,1
1967-11-01,-0.62,-1.77,-0.34,1
1967-12-01,-0.65,-1.84,-0.44,1
1968-01-01,-0.85,-1.62,-0.64,0
1968-02-01,-1.07,-1.41,-0.74,0
1968-03-01,-0.95,-1.58,-0.62,0
1968-04-01,-0.72,-1.77,-0.44,1
1968-05-01,-0.75,-2.03,-0.04,1
1968-06-01,0.15,-1.61,0.28,1
1968-07-01,0.28,-0.81,0.58,2
1968-08-01,0.16,-0.26,0.53,2
1968-09-01,0.01,0.33,0.45,1
1968-10-01,0.04,-0.14,0.55,2
1968-11-01,0.5,-0.09,0.73,2
1968-12-01,0.67,0.16,0.98,2
1969-01-01,0.95,-0.2,1.13,2
1969-02-01,1.11,-0.75,1.09,2
1969-03-01,0.54,0.34,0.95,2
1969-04-01,0.31,0.88,0.77,2
1969-05-01,0.35,1.31,0.61,2
1969-06-01,-0.04,0.97,0.43,1
1969-07-01,-0.21,0.28,0.36,1
1969-08-01,0.16,-0.13,0.51,2
1969-09-01,0.43,0.02,0.79,2
1969-10-01,0.62,0.6,0.86,2
1969-11-01,0.4,0.57,0.81,2
1969-12-01,0.38,0.59,0.63,2
1970-01-01,0.28,0.39,0.51,2
1970-02-01,0.2,-0.38,0.34,1
1970-03-01,-0.14,-1.25,0.29,1
1970-04-01,-0.08,-0.98,0.19,1
1970-05-01,-0.3,-1.79,0.04,1
1970-06-01,-0.69,-2.0,-0.3,1
1970-07-01,-1.08,-2.51,-0.63,0
1970-08-01,-1.26,-1.85,-0.76,0
1970-09-01,-1.07,-1.43,-0.77,0
1970-10-01,-1.12,-1.14,-0.74,0
1970-11-01,-1.13,-1.17,-0.86,0
1970-12-01,-1.33,-1.15,-1.15,0
1971-01-01,-1.73,-1.44,-1.36,0
1971-02-01,-1.57,-1.68,-1.38,0
1971-03-01,-1.36,-1.45,-1.12,0
1971-04-01,-1.18,-0.66,-0.85,0
1971-05-01,-0.98,-1.24,-0.73,0
1971-06-01,-1.13,-1.54,-0.74,0
1971-07-01,-1.17,-1.03,-0.8,0
1971-08-01,-1.1,-1.23,-0.77,0
1971-09-01,-1.0,-1.22,-0.82,0
1971-10-01,-1.24,-1.29,-0.85,0
1971-11-01,-1.15,-0.76,-0.96,0
1971-12-01,-1.23,-0.99,-0.9,0
1972-01-01,-0.92,-0.38,-0.71,0
1972-02-01,-0.45,0.45,-0.35,1
1972-03-01,-0.19,0.58,0.06,1
1972-04-01,0.07,0.64,0.41,1
1972-05-01,0.38,0.71,0.67,2
1972-06-01,0.45,1.78,0.92,2
1972-07-01,0.85,2.03,1.13,2
1972-08-01,1.09,2.37,1.37,2
1972-09-01,1.23,1.23,1.58,2
1972-10-01,1.54,1.39,1.84,2
1972-11-01,1.9,1.38,2.09,2
1972-12-01,2.09,2.01,2.12,2
1973-01-01,1.8,1.26,1.84,2
1973-02-01,1.2,0.16,1.25,2
1973-03-01,0.27,-0.58,0.54,2
1973-04-01,-0.58,-1.11,-0.1,1
1973-05-01,-0.97,-1.37,-0.54,0
1973-06-01,-1.18,-1.61,-0.87,0
1973-07-01,-1.54,-1.23,-1.11,0
1973-08-01,-1.63,-1.62,-1.28,0
1973-09-01,-1.66,-1.31,-1.45,0
1973-10-01,-1.98,-1.08,-1.71,0
1973-11-01,-2.37,-1.12,-1.95,0
1973-12-01,-2.26,-1.14,-2.03,0
1974-01-01,-2.09,-1.35,-1.84,0
1974-02-01,-1.66,-1.38,-1.55,0
1974-03-01,-1.45,-0.84,-1.23,0
1974-04-01,-1.36,-0.39,-1.03,0
1974-05-01,-1.29,-0.2,-0.91,0
1974-06-01,-1.2,-0.78,-0.77,0
1974-07-01,-0.9,-0.58,-0.53,0
1974-08-01,-0.52,-0.46,-0.37,1
1974-09-01,-0.64,-0.63,-0.41,1
1974-10-01,-0.94,-1.2,-0.61,0
1974-11-01,-1.09,-1.0,-0.75,0
1974-12-01,-0.97,-1.46,-0.64,0
1975-01-01,-0.45,-1.15,-0.54,0
1975-02-01,-0.68,-1.18,-0.57,0
1975-03-01,-1.09,-0.33,-0.65,0
1975-04-01,-0.96,-0.0,-0.73,0
1975-05-01,-1.13,-0.96,-0.83,0
1975-06-01,-1.5,-1.43,-0.98,0
1975-07-01,-1.39,-0.93,-1.13,0
1975-08-01,-1.52,-0.95,-1.2,0
1975-09-01,-1.66,-1.57,-1.37,0
1975-10-01,-1.83,-1.97,-1.43,0
1975-11-01,-1.66,-2.25,-1.55,0
1975-12-01,-1.93,-1.88,-1.65,0
1976-01-01,-2.01,-1.12,-1.56,0
1976-02-01,-1.26,-0.64,-1.17,0
1976-03-01,-0.82,-0.53,-0.73,0
1976-04-01,-0.93,0.17,-0.47,1
1976-05-01,-0.74,0.7,-0.28,1
1976-06-01,-0.38,1.37,-0.05,1
1976-07-01,-0.16,1.61,0.18,1
1976-08-01,0.12,1.25,0.35,1
1976-09-01,0.3,0.83,0.62,2
1976-10-01,0.75,0.51,0.81,2
1976-11-01,0.71,0.49,0.86,2
1976-12-01,0.49,0.39,0.85,2
1977-01-01,0.78,0.23,0.71,2
1977-02-01,0.37,-0.38,0.64,2
1977-03-01,0.19,-0.46,0.34,1
1977-04-01,-0.38,-0.59,0.23,1
1977-05-01,-0.21,-0.92,0.21,1
1977-06-01,0.01,-0.61,0.34,1
1977-07-01,0.09,-0.5,0.35,1
1977-08-01,-0.01,-0.9,0.42,1
1977-09-01,0.4,-1.11,0.57,2
1977-10-01,0.63,-0.47,0.73,2
1977-11-01,0.48,-0.47,0.81,2
1977-12-01,0.7,-0.55,0.79,2
1978-01-01,0.62,-0.41,0.69,2
1978-02-01,0.25,-0.4,0.42,1
1978-03-01,-0.2,-1.21,0.06,1
1978-04-01,-0.7,-0.77,-0.18,1
1978-05-01,-0.74,-1.25,-0.31,1
1978-06-01,-0.71,-1.18,-0.29,1
1978-07-01,-0.55,-0.94,-0.36,1
1978-08-01,-0.79,-1.37,-0.42,1
1978-09-01,-0.71,-0.88,-0.42,1
1978-10-01,-0.46,-0.96,-0.29,1
1978-11-01,-0.38,-0.04,-0.08,1
1978-12-01,-0.06,0.09,0.0,1
1979-01-01,-0.13,0.16,0.03,1
1979-02-01,-0.22,-0.58,0.07,1
1979-03-01,-0.02,-0.58,0.2,1
1979-04-01,0.02,0.15,0.28,1
1979-05-01,-0.25,-0.13,0.23,1
1979-06-01,-0.29,0.16,0.05,1
1979-07-01,-0.47,-0.26,0.04,1
1979-08-01,-0.1,-0.07,0.17,1
1979-09-01,0.28,0.43,0.33,1
1979-10-01,0.11,0.45,0.45,1
1979-11-01,0.29,0.14,0.52,2
1979-12-01,0.52,-0.08,0.64,2
1980-01-01,0.54,-0.25,0.59,2
1980-02-01,0.22,-0.42,0.46,1
1980-03-01,0.03,-0.01,0.34,1
1980-04-01,-0.07,0.0,0.38,1
1980-05-01,0.08,-0.43,0.48,1
1980-06-01,0.21,-0.36,0.46,1
1980-07-01,-0.06,-0.84,0.25,1
1980-08-01,-0.38,-0.48,0.03,1
1980-09-01,-0.28,-0.3,-0.07,1
1980-10-01,-0.26,-0.5,0.02,1
1980-11-01,-0.1,-0.41,0.11,1
1980-12-01,0.05,-0.4,-0.01,1
1981-01-01,-0.36,-1.5,-0.26,1
1981-02-01,-0.64,-1.17,-0.5,1
1981-03-01,-0.64,-0.55,-0.47,1
1981-04-01,-0.53,-0.73,-0.37,1
1981-05-01,-0.57,-0.77,-0.26,1
1981-06-01,-0.46,-0.63,-0.29,1
1981-07-01,-0.64,-0.89,-0.3,1
1981-08-01,-0.53,-1.13,-0.25,1
1981-09-01,-0.19,-0.79,-0.16,1
1981-10-01,-0.3,-0.57,-0.13,1
1981-11-01,-0.41,-0.46,-0.15,1
1981-12-01,-0.2,-0.18,-0.08,1
1982-01-01,0.13,-0.26,-0.05,1
1982-02-01,-0.17,-0.79,0.07,1
1982-03-01,0.13,-1.29,0.19,1
1982-04-01,0.21,-0.81,0.47,1
1982-05-01,0.45,-0.31,0.66,2
1982-06-01,0.53,0.13,0.72,2
1982-07-01,0.37,0.47,0.79,2
1982-08-01,0.73,0.8,1.07,2
1982-09-01,1.49,1.31,1.58,2
1982-10-01,1.99,1.81,1.97,2
1982-11-01,1.92,3.03,2.18,2
1982-12-01,2.2,3.16,2.23,2
1983-01-01,2.35,2.65,2.18,2
1983-02-01,1.94,2.03,1.92,2
1983-03-01,1.38,2.23,1.54,2
1983-04-01,0.95,3.32,1.29,2
1983-05-01,0.9,3.85,1.06,2
1983-06-01,0.54,4.24,0.72,2
1983-07-01,-0.11,3.8,0.31,1
1983-08-01,-0.27,2.93,-0.08,1
1983-09-01,-0.52,1.37,-0.46,1
1983-10-01,-1.16,0.99,-0.81,0
1983-11-01,-1.29,0.4,-1.0,0
1983-12-01,-1.03,0.21,-0.91,0
1984-01-01,-0.67,-0.39,-0.6,0
1984-02-01,-0.19,-0.88,-0.42,1
1984-03-01,-0.52,-0.87,-0.34,1
1984-04-01,-0.68,-0.23,-0.43,1
1984-05-01,-0.73,-1.11,-0.51,0
1984-06-01,-0.9,-0.95,-0.45,1
1984-07-01,-0.5,-0.63,-0.3,1
1984-08-01,-0.24,-0.56,-0.16,1
1984-09-01,-0.34,-0.07,-0.24,1
1984-10-01,-0.67,-0.51,-0.56,0
1984-11-01,-1.19,-0.13,-0.92,0
1984-12-01,-1.34,-0.4,-1.14,0
1985-01-01,-1.16,-0.78,-1.04,0
1985-02-01,-0.72,-1.38,-0.85,0
1985-03-01,-0.79,-0.89,-0.77,0
1985-04-01,-1.18,-1.37,-0.78,0
1985-05-01,-1.03,-1.88,-0.78,0
1985-06-01,-0.91,-1.27,-0.63,0
1985-07-01,-0.74,-1.4,-0.49,1
1985-08-01,-0.56,-1.23,-0.46,1
1985-09-01,-0.7,-0.99,-0.4,1
1985-10-01,-0.49,-0.92,-0.35,1
1985-11-01,-0.37,-0.79,-0.27,1
1985-12-01,-0.41,-0.38,-0.36,1
1986-01-01,-0.66,-0.0,-0.49,1
1986-02-01,-0.71,-0.1,-0.47,1
1986-03-01,-0.42,-0.73,-0.31,1
1986-04-01,-0.33,-0.85,-0.2,1
1986-05-01,-0.53,-1.18,-0.12,1
1986-06-01,-0.31,-1.08,-0.04,1
1986-07-01,-0.11,-0.49,0.22,1
1986-08-01,0.32,-0.1,0.44,1
1986-09-01,0.53,0.18,0.71,2
1986-10-01,0.81,0.25,0.94,2
1986-11-01,1.01,0.36,1.14,2
1986-12-01,1.12,0.6,1.22,2
1987-01-01,1.14,0.99,1.23,2
1987-02-01,1.13,0.97,1.19,2
1987-03-01,0.98,1.44,1.06,2
1987-04-01,0.58,1.56,0.95,2
1987-05-01,0.62,1.52,0.97,2
1987-06-01,0.92,0.98,1.22,2
1987-07-01,1.29,1.03,1.51,2
1987-08-01,1.57,0.82,1.7,2
1987-09-01,1.65,1.1,1.65,2
1987-10-01,1.24,1.45,1.48,2
1987-11-01,1.07,1.14,1.25,2
1987-12-01,0.94,0.67,1.11,2
1988-01-01,0.9,0.02,0.81,2
1988-02-01,0.28,-0.31,0.54,2
1988-03-01,0.1,-0.81,0.14,1
1988-04-01,-0.44,-0.83,-0.31,1
1988-05-01,-1.25,-1.26,-0.88,0
1988-06-01,-1.74,-1.66,-1.3,0
1988-07-01,-1.74,-1.37,-1.3,0
1988-08-01,-1.19,-1.46,-1.11,0
1988-09-01,-1.0,-1.29,-1.19,0
1988-10-01,-1.9,-1.2,-1.48,0
1988-11-01,-2.05,-0.96,-1.8,0
1988-12-01,-1.96,-0.75,-1.85,0
1989-01-01,-1.97,-0.3,-1.69,0
1989-02-01,-1.47,-0.06,-1.43,0
1989-03-01,-1.21,-0.15,-1.08,0
1989-04-01,-1.08,-0.09,-0.83,0
1989-05-01,-0.88,-1.2,-0.58,0
1989-06-01,-0.59,-1.08,-0.4,1
1989-07-01,-0.57,-0.79,-0.31,1
1989-08-01,-0.53,-0.3,-0.27,1
1989-09-01,-0.3,-0.65,-0.24,1
1989-10-01,-0.4,-0.48,-0.22,1
1989-11-01,-0.45,-0.24,-0.16,1
1989-12-01,-0.13,-0.4,-0.05,1
1990-01-01,0.01,-0.48,0.14,1
1990-02-01,0.21,-0.16,0.21,1
1990-03-01,0.04,-0.44,0.28,1
1990-04-01,0.08,-0.52,0.29,1
1990-05-01,0.08,-0.24,0.29,1
1990-06-01,-0.08,-0.3,0.31,1
1990-07-01,0.09,-0.66,0.33,1
1990-08-01,0.22,-0.44,0.38,1
1990-09-01,0.22,-0.49,0.39,1
1990-10-01,0.21,-0.7,0.35,1
1990-11-01,0.1,-0.65,0.4,1
1990-12-01,0.35,-0.5,0.41,1
1991-01-01,0.49,-0.54,0.41,1
1991-02-01,0.32,-0.38,0.26,1
1991-03-01,0.03,-0.21,0.22,1
1991-04-01,0.19,-0.3,0.26,1
1991-05-01,0.26,-0.33,0.45,1
1991-06-01,0.52,0.21,0.64,2
1991-07-01,0.76,0.6,0.73,2
1991-08-01,0.68,0.37,0.64,2
1991-09-01,0.42,0.46,0.62,2
1991-10-01,0.86,0.65,0.79,2
1991-11-01,1.2,0.72,1.21,2
1991-12-01,1.69,0.83,1.53,2
1992-01-01,1.84,0.47,1.71,2
1992-02-01,1.78,0.61,1.63,2
1992-03-01,1.38,1.24,1.48,2
1992-04-01,1.2,2.19,1.29,2
1992-05-01,1.04,2.22,1.06,2
1992-06-01,0.58,0.85,0.73,2
1992-07-01,0.22,-0.07,0.37,1
1992-08-01,0.05,-0.14,0.09,1
1992-09-01,-0.06,0.03,-0.13,1
1992-10-01,-0.3,0.01,-0.25,1
1992-11-01,-0.28,-0.07,-0.28,1
1992-12-01,-0.15,-0.1,-0.13,1
1993-01-01,0.14,-0.01,0.09,1
1993-02-01,0.41,0.3,0.3,1
1993-03-01,0.39,0.6,0.5,1
1993-04-01,0.59,1.25,0.67,2
1993-05-01,0.78,1.15,0.7,2
1993-06-01,0.35,1.04,0.57,2
1993-07-01,0.23,0.7,0.32,1
1993-08-01,0.13,0.56,0.25,1
1993-09-01,0.35,0.38,0.15,1
1993-10-01,0.06,0.55,0.1,1
1993-11-01,0.0,0.31,0.04,1
1993-12-01,0.16,0.02,0.06,1
1994-01-01,0.1,-0.09,0.06,1
1994-02-01,0.06,-0.33,0.07,1
1994-03-01,0.11,-1.01,0.17,1
1994-04-01,0.26,-1.27,0.31,1
1994-05-01,0.31,-1.06,0.42,1
1994-06-01,0.32,-0.91,0.41,1
1994-07-01,0.24,-0.87,0.44,1
1994-08-01,0.53,-1.03,0.43,1
1994-09-01,0.48,-0.15,0.55,2
1994-10-01,0.75,0.8,0.74,2
1994-11-01,1.11,0.6,1.01,2
1994-12-01,1.25,0.86,1.09,2
1995-01-01,1.02,0.73,0.96,2
1995-02-01,0.73,0.1,0.72,2
1995-03-01,0.46,-0.49,0.53,2
1995-04-01,0.28,-1.55,0.3,1
1995-05-01,-0.11,-1.41,0.14,1
1995-06-01,-0.14,-0.93,-0.03,1
1995-07-01,-0.21,-0.61,-0.24,1
1995-08-01,-0.63,-0.41,-0.54,0
1995-09-01,-0.84,-0.28,-0.81,0
1995-10-01,-0.88,-0.55,-0.97,0
1995-11-01,-1.1,-0.28,-1.0,0
1995-12-01,-0.95,-0.85,-0.98,0
1996-01-01,-0.86,-0.65,-0.9,0
1996-02-01,-0.86,-0.44,-0.75,0
1996-03-01,-0.61,-0.33,-0.59,0
1996-04-01,-0.47,-1.92,-0.39,1
1996-05-01,-0.38,-1.44,-0.31,1
1996-06-01,-0.44,-1.89,-0.3,1
1996-07-01,-0.44,-1.26,-0.27,1
1996-08-01,-0.22,-0.87,-0.32,1
1996-09-01,-0.45,-0.65,-0.35,1
1996-10-01,-0.44,-0.7,-0.4,1
1996-11-01,-0.41,-1.1,-0.45,1
1996-12-01,-0.64,-1.13,-0.49,1
1997-01-01,-0.53,-0.9,-0.5,1
1997-02-01,-0.37,-0.22,-0.36,1
1997-03-01,-0.25,0.54,-0.1,1
1997-04-01,0.16,0.91,0.28,1
1997-05-01,0.64,2.12,0.75,2
1997-06-01,1.09,3.0,1.22,2
1997-07-01,1.56,3.63,1.6,2
1997-08-01,1.89,3.96,1.9,2
1997-09-01,2.13,3.96,2.14,2
1997-10-01,2.36,3.67,2.33,2
1997-11-01,2.41,4.47,2.4,2
1997-12-01,2.29,4.25,2.39,2
1998-01-01,2.38,3.55,2.24,2
1998-02-01,2.03,2.64,1.93,2
1998-03-01,1.34,2.74,1.44,2
1998-04-01,0.78,2.68,0.99,2
1998-05-01,0.57,2.72,0.45,1
1998-06-01,-0.39,2.24,-0.13,1
1998-07-01,-0.99,1.42,-0.78,0
1998-08-01,-1.28,0.96,-1.12,0
1998-09-01,-1.26,0.22,-1.31,0
1998-10-01,-1.46,0.33,-1.35,0
1998-11-01,-1.46,-0.14,-1.48,0
1998-12-01,-1.69,-0.18,-1.57,0
1999-01-01,-1.69,-0.78,-1.55,0
1999-02-01,-1.32,-0.54,-1.3,0
1999-03-01,-0.95,-0.04,-1.07,0
1999-04-01,-1.11,-0.9,-0.98,0
1999-05-01,-1.15,-0.69,-1.02,0
1999-06-01,-1.19,-0.76,-1.04,0
1999-07-01,-1.17,-0.23,-1.1,0
1999-08-01,-1.22,-0.11,-1.11,0
1999-09-01,-1.09,-1.05,-1.16,0
1999-10-01,-1.23,-0.86,-1.26,0
1999-11-01,-1.58,-1.23,-1.46,0
1999-12-01,-1.74,-0.64,-1.65,0
2000-01-01,-1.77,-0.76,-1.66,0
2000-02-01,-1.55,-0.62,-1.41,0
2000-03-01,-0.98,-0.47,-1.07,0
2000-04-01,-0.87,-0.04,-0.81,0
2000-05-01,-0.86,-0.4,-0.71,0
2000-06-01,-0.79,-0.38,-0.64,0
2000-07-01,-0.67,-0.28,-0.55,0
2000-08-01,-0.49,-0.57,-0.51,0
2000-09-01,-0.52,-0.23,-0.55,0
2000-10-01,-0.7,-0.27,-0.63,0
2000-11-01,-0.79,-1.19,-0.75,0
2000-12-01,-0.92,-0.96,-0.74,0
2001-01-01,-0.73,-0.63,-0.68,0
2001-02-01,-0.63,-0.48,-0.52,0
2001-03-01,-0.48,0.17,-0.44,1
2001-04-01,-0.49,0.18,-0.34,1
2001-05-01,-0.34,-0.71,-0.25,1
2001-06-01,-0.19,-0.85,-0.12,1
2001-07-01,-0.04,-0.58,-0.08,1
2001-08-01,-0.05,-0.84,-0.13,1
2001-09-01,-0.2,-1.13,-0.19,1
2001-10-01,-0.14,-1.13,-0.29,1
2001-11-01,-0.37,-0.89,-0.35,1
2001-12-01,-0.41,-1.02,-0.31,1
2002-01-01,-0.15,-0.78,-0.15,1
2002-02-01,-0.04,-0.07,0.03,1
2002-03-01,0.01,0.77,0.09,1
2002-04-01,0.02,0.82,0.2,1
2002-05-01,0.31,0.63,0.43,1
2002-06-01,0.72,0.38,0.65,2
2002-07-01,0.74,-0.23,0.79,2
2002-08-01,0.87,-0.26,0.86,2
2002-09-01,1.09,0.2,1.01,2
2002-10-01,1.25,0.37,1.21,2
2002-11-01,1.47,0.97,1.31,2
2002-12-01,1.37,1.1,1.14,2
2003-01-01,0.6,0.13,0.92,2
2003-02-01,0.64,-0.12,0.63,2
2003-03-01,0.36,-0.07,0.38,1
2003-04-01,-0.14,-0.56,-0.04,1
2003-05-01,-0.61,-1.65,-0.26,1
2003-06-01,-0.29,-1.35,-0.16,1
2003-07-01,0.21,-1.01,0.08,1
2003-08-01,0.26,0.01,0.21,1
2003-09-01,0.27,-0.45,0.26,1
2003-10-01,0.42,0.23,0.29,1
2003-11-01,0.33,0.28,0.35,1
2003-12-01,0.43,0.22,0.35,1
2004-01-01,0.27,-0.21,0.37,1
2004-02-01,0.23,-0.07,0.31,1
2004-03-01,0.12,-0.74,0.23,1
2004-04-01,0.07,-0.57,0.17,1
2004-05-01,0.06,-1.59,0.17,1
2004-06-01,0.13,-1.07,0.28,1
2004-07-01,0.49,-0.78,0.47,1
2004-08-01,0.76,-0.75,0.64,2
2004-09-01,0.81,-0.27,0.7,2
2004-10-01,0.73,0.15,0.67,2
2004-11-01,0.66,0.72,0.66,2
2004-12-01,0.74,0.36,0.69,2
2005-01-01,0.66,-0.02,0.64,2
2005-02-01,0.36,-0.94,0.58,2
2005-03-01,0.45,-1.46,0.45,1
2005-04-01,0.26,-0.42,0.43,1
2005-05-01,0.3,-0.38,0.29,1
2005-06-01,0.04,-0.77,0.11,1
2005-07-01,-0.23,-0.35,-0.06,1
2005-08-01,-0.05,-0.4,-0.14,1
2005-09-01,-0.04,-0.74,-0.11,1
2005-10-01,-0.06,-1.27,-0.29,1
2005-11-01,-0.59,-1.43,-0.57,0
2005-12-01,-0.92,-0.92,-0.84,0
2006-01-01,-0.91,-0.37,-0.85,0
2006-02-01,-0.67,0.22,-0.77,0
2006-03-01,-0.71,-0.29,-0.57,0
2006-04-01,-0.32,-1.5,-0.37,1
2006-05-01,-0.09,-0.56,-0.14,1
2006-06-01,0.0,-0.21,-0.03,1
2006-07-01,0.01,0.2,0.1,1
2006-08-01,0.31,0.7,0.3,1
2006-09-01,0.6,0.97,0.54,2
2006-10-01,0.7,1.05,0.77,2
2006-11-01,0.99,0.79,0.94,2
2006-12-01,1.14,0.71,0.94,2
2007-01-01,0.7,0.66,0.66,2
2007-02-01,0.13,0.11,0.22,1
2007-03-01,-0.18,-0.64,-0.12,1
2007-04-01,-0.32,-1.22,-0.32,1
2007-05-01,-0.47,-1.79,-0.38,1
2007-06-01,-0.35,-1.61,-0.47,1
2007-07-01,-0.59,-0.98,-0.56,0
2007-08-01,-0.72,-1.2,-0.81,0
2007-09-01,-1.11,-0.97,-1.07,0
2007-10-01,-1.39,-1.52,-1.34,0
2007-11-01,-1.54,-1.73,-1.5,0
2007-12-01,-1.58,-1.66,-1.6,0
2008-01-01,-1.68,-0.48,-1.64,0
2008-02-01,-1.67,0.22,-1.52,0
2008-03-01,-1.21,0.39,-1.29,0
2008-04-01,-0.99,0.41,-1.01,0
2008-05-01,-0.84,0.54,-0.84,0
2008-06-01,-0.68,0.55,-0.61,0
2008-07-01,-0.3,0.99,-0.37,1
2008-08-01,-0.13,1.4,-0.23,1
2008-09-01,-0.25,1.02,-0.24,1
2008-10-01,-0.35,0.35,-0.35,1
2008-11-01,-0.46,-0.28,-0.55,0
2008-12-01,-0.86,-0.45,-0.73,0
2009-01-01,-0.89,-0.17,-0.85,0
2009-02-01,-0.79,-0.68,-0.79,0
2009-03-01,-0.69,-0.81,-0.61,0
2009-04-01,-0.35,0.41,-0.33,1
2009-05-01,0.06,0.34,0.01,1
2009-06-01,0.31,0.65,0.28,1
2009-07-01,0.48,0.75,0.45,1
2009-08-01,0.56,0.84,0.58,2
2009-09-01,0.68,0.51,0.71,2
2009-10-01,0.89,0.32,1.01,2
2009-11-01,1.46,0.33,1.36,2
2009-12-01,1.74,0.6,1.56,2
2010-01-01,1.52,0.28,1.5,2
2010-02-01,1.25,0.12,1.22,2
2010-03-01,0.9,0.07,0.84,2
2010-04-01,0.38,-0.11,0.35,1
2010-05-01,-0.22,0.24,-0.17,1
2010-06-01,-0.69,0.01,-0.66,0
2010-07-01,-1.07,-1.03,-1.05,0
2010-08-01,-1.39,-1.31,-1.35,0
2010-09-01,-1.6,-1.22,-1.56,0
2010-10-01,-1.69,-1.28,-1.64,0
2010-11-01,-1.64,-1.31,-1.64,0
2010-12-01,-1.6,-0.9,-1.54,0
2011-01-01,-1.54,-0.48,-1.31,0
2011-02-01,-1.11,-0.16,-1.04,0
2011-03-01,-0.93,-0.88,-0.8,0
2011-04-01,-0.77,-0.19,-0.62,0
2011-05-01,-0.52,0.11,-0.46,1
2011-06-01,-0.38,0.3,-0.37,1
2011-07-01,-0.43,0.1,-0.43,1
2011-08-01,-0.65,-0.21,-0.58,0
2011-09-01,-0.8,-0.74,-0.79,0
2011-10-01,-1.05,-0.78,-0.96,0
2011-11-01,-1.19,-0.57,-1.02,0
2011-12-01,-1.06,-0.68,-0.92,0
2012-01-01,-0.87,-0.18,-0.72,0
2012-02-01,-0.67,0.36,-0.57,0
2012-03-01,-0.61,0.16,-0.46,1
2012-04-01,-0.5,0.9,-0.36,1
2012-05-01,-0.32,0.87,-0.17,1
2012-06-01,0.02,1.02,0.06,1
2012-07-01,0.25,0.4,0.3,1
2012-08-01,0.47,0.07,0.41,1
2012-09-01,0.38,0.06,0.41,1
2012-10-01,0.26,-0.37,0.31,1
2012-11-01,0.16,-0.41,0.13,1
2012-12-01,-0.25,-0.85,-0.1,1
2013-01-01,-0.53,-0.68,-0.29,1
2013-02-01,-0.52,-0.73,-0.29,1
2013-03-01,-0.25,-0.67,-0.21,1
2013-04-01,-0.25,-1.23,-0.19,1
2013-05-01,-0.4,-1.58,-0.27,1
2013-06-01,-0.42,-1.91,-0.34,1
2013-07-01,-0.39,-1.6,-0.35,1
2013-08-01,-0.38,-1.16,-0.28,1
2013-09-01,-0.18,-0.77,-0.21,1
2013-10-01,-0.2,-0.75,-0.13,1
2013-11-01,-0.14,-0.56,-0.1,1
2013-12-01,-0.17,-0.44,-0.15,1
2014-01-01,-0.49,-0.01,-0.28,1
2014-02-01,-0.62,-0.61,-0.32,1
2014-03-01,-0.28,-0.31,-0.14,1
2014-04-01,0.08,-0.03,0.15,1
2014-05-01,0.32,1.06,0.31,1
2014-06-01,0.23,1.54,0.23,1
2014-07-01,-0.06,0.98,0.1,1
2014-08-01,-0.03,0.89,0.11,1
2014-09-01,0.29,0.8,0.28,1
2014-10-01,0.44,0.69,0.54,2
2014-11-01,0.75,0.8,0.71,2
2014-12-01,0.71,0.41,0.77,2
2015-01-01,0.51,-0.16,0.69,2
2015-02-01,0.42,-0.53,0.61,2
2015-03-01,0.47,0.09,0.65,2
2015-04-01,0.7,1.0,0.81,2
2015-05-01,0.92,1.55,1.02,2
2015-06-01,1.18,2.19,1.25,2
2015-07-01,1.46,2.54,1.57,2
2015-08-01,1.93,1.65,1.91,2
2015-09-01,2.21,2.28,2.21,2
2015-10-01,2.36,2.12,2.47,2
2015-11-01,2.72,2.28,2.64,2
2015-12-01,2.66,2.21,2.75,2
2016-01-01,2.57,1.79,2.63,2
2016-02-01,2.26,1.3,2.28,2
2016-03-01,1.62,1.35,1.71,2
2016-04-01,0.91,0.45,1.05,2
2016-05-01,0.3,0.49,0.49,1
2016-06-01,-0.03,0.64,0.0,1
2016-07-01,-0.48,0.25,-0.31,1
2016-08-01,-0.58,0.24,-0.5,1
2016-09-01,-0.58,0.57,-0.58,0
2016-10-01,-0.74,0.34,-0.64,0
2016-11-01,-0.76,0.12,-0.6,0
2016-12-01,-0.5,0.43,-0.45,1
2017-01-01,-0.43,0.93,-0.19,1
2017-02-01,-0.08,1.36,-0.02,1
2017-03-01,0.03,1.61,0.18,1
2017-04-01,0.22,1.05,0.31,1
2017-05-01,0.37,0.21,0.4,1
2017-06-01,0.34,-0.24,0.39,1
2017-07-01,0.25,-0.32,0.19,1
2017-08-01,-0.16,-0.34,-0.07,1
2017-09-01,-0.43,-0.81,-0.34,1
2017-10-01,-0.56,-0.81,-0.6,0
2017-11-01,-0.97,-1.2,-0.77,0
2017-12-01,-0.98,-1.42,-0.86,0
2018-01-01,-0.98,-1.12,-0.77,0
2018-02-01,-0.78,-0.97,-0.71,0
2018-03-01,-0.8,-1.35,-0.57,0
2018-04-01,-0.51,-1.03,-0.39,1
2018-05-01,-0.2,-0.75,-0.13,1
2018-06-01,0.04,-0.72,0.06,1
2018-07-01,0.12,-0.4,0.14,1
2018-08-01,0.09,-0.27,0.27,1
2018-09-01,0.47,-0.08,0.53,2
2018-10-01,0.9,0.16,0.81,2
2018-11-01,0.9,0.81,0.97,2
2018-12-01,0.89,1.05,0.92,2
2019-01-01,0.65,0.83,0.89,2
2019-02-01,0.71,0.52,0.86,2
2019-03-01,0.81,0.12,0.84,2
2019-04-01,0.62,0.3,0.77,2
2019-05-01,0.55,0.2,0.64,2
2019-06-01,0.45,-0.34,0.52,2
2019-07-01,0.35,-0.69,0.33,1
2019-08-01,0.04,-0.76,0.19,1
2019-09-01,0.03,-0.71,0.23,1
2019-10-01,0.48,-0.74,0.39,1
2019-11-01,0.52,-0.11,0.58,2
2019-12-01,0.52,-0.04,0.66,2
2020-01-01,0.6,-0.37,0.64,2
2020-02-01,0.37,0.02,0.63,2
2020-03-01,0.48,-0.06,0.53,2
2020-04-01,0.36,0.28,0.3,1
2020-05-01,-0.27,-0.14,0.01,1
2020-06-01,-0.34,-0.7,-0.23,1
2020-07-01,-0.3,-1.28,-0.36,1
2020-08-01,-0.59,-1.05,-0.53,0
2020-09-01,-0.83,-1.22,-0.85,0
2020-10-01,-1.26,-0.6,-1.12,0
2020-11-01,-1.42,-0.58,-1.2,0
2020-12-01,-1.15,-0.6,-1.08,0
2021-01-01,-1.0,-0.88,-0.91,0
2021-02-01,-1.0,-0.86,-0.79,0
2021-03-01,-0.8,-0.75,-0.71,0
2021-04-01,-0.72,-0.94,-0.55,0
2021-05-01,-0.46,-0.79,-0.39,1
2021-06-01,-0.28,-0.37,-0.3,1
2021-07-01,-0.39,-0.21,-0.35,1
2021-08-01,-0.53,-0.29,-0.45,1
2021-09-01,-0.55,-0.7,-0.63,0
2021-10-01,-0.94,-0.87,-0.76,0
2021-11-01,-0.94,-1.12,-0.91,0
2021-12-01,-1.06,-1.69,-0.87,0
2022-01-01,-0.94,-1.11,-0.82,0
2022-02-01,-0.89,-1.58,-0.79,0
2022-03-01,-0.97,-0.76,-0.86,0
2022-04-01,-1.11,-1.4,-0.95,0
2022-05-01,-1.11,-1.66,-0.9,0
2022-06-01,-0.75,-1.49,-0.78,0
2022-07-01,-0.69,-1.2,-0.76,0
2022-08-01,-0.97,-0.6,-0.87,0
2022-09-01,-1.07,-1.02,-0.97,0
2022-10-01,-0.99,-1.78,-0.94,0
2022-11-01,-0.9,-1.13,-0.85,0
2022-12-01,-0.85,-0.46,-0.71,0
2023-01-01,-0.72,-0.56,-0.54,0
2023-02-01,-0.46,0.48,-0.29,1
2023-03-01,-0.11,1.49,-0.02,1
2023-04-01,0.14,2.62,0.27,1
2023-05-01,0.46,2.22,0.57,2
2023-06-01,0.84,2.5,0.84,2
2023-07-01,1.02,2.98,1.12,2
2023-08-01,1.35,3.29,1.37,2
2023-09-01,1.6,2.42,1.6,2
2023-10-01,1.72,2.32,1.83,2
2023-11-01,2.02,2.07,1.99,2
2023-12-01,2.03,1.61,2.06,2
2024-01-01,1.81,1.29,1.92,2
2024-02-01,1.52,1.12,1.62,2
2024-03-01,1.13,0.25,1.26,2
2024-04-01,0.77,-0.21,0.82,2
2024-05-01,0.23,-1.16,0.49,1
2024-06-01,0.17,-0.95,0.22,1
2024-07-01,0.04,-0.78,0.08,1
2024-08-01,-0.12,-0.42,-0.07,1
2024-09-01,-0.26,-0.75,-0.17,1
2024-10-01,-0.27,-0.32,-0.21,1
2024-11-01,-0.25,0.06,-0.3,1
2024-12-01,-0.6,-0.03,-0.42,1
2025-01-01,-0.74,-0.33,-0.45,1
2025-02-01,-0.43,0.58,-0.24,1
2025-03-01,0.01,0.99,-0.06,1
2025-04-01,-0.14,0.42,0.02,1
2025-05-01,-0.13,-0.06,-0.02,1
2025-06-01,-0.07,0.09,-0.04,1
2025-07-01,-0.14,0.25,-0.14,1
2025-08-01,-0.36,0.06,-0.28,1
2025-09-01,-0.47,-0.44,-0.4,1
2025-10-01,-0.5,-0.35,-0.51,0
2025-11-01,-0.7,-0.46,-0.55,0
2025-12-01,-0.67,-0.62,-0.54,0
2026-01-01,-0.58,-0.29,-0.37,1
2026-02-01,-0.27,0.72,-0.16,1
